<?xml version="1.0" encoding="UTF-8" standalone="yes"?>
<addon id="plugin.video.apollo" 
               name="[COLOR orange][B][COLOR deepskyblue] APOLLO[/COLOR][/COLOR][/B]"
       version="1.1.1" 
       provider-name="apollo">
  <requires>
    <import addon="xbmc.python" version="2.1.0"/>
	<import addon="script.module.t0mm0.common" version="2.0.0"/>
    <import addon="script.module.beautifulsoup" version="3.2.1"/>
    <import addon="script.module.simple.downloader" version="0.9.4"/>
    <import addon="script.module.beautifulsoup4" />
    <import addon="script.module.simple.downloader" version="0.9.4"/>
    <import addon="script.module.requests" />
    <import addon="script.module.httplib2" />
    <import addon="script.module.youtube.dl" optional="true"/>
    <import addon="script.module.urlresolver" optional="true"/>
    <import addon="script.module.simplejson" /> 
    <import addon="script.common.plugin.cache" version="2.5.2"/>
    <import addon="script.module.metahandler" version="2.5.1"/>
  </requires>
  <extension point="xbmc.python.pluginsource" library="apollo.py"> 
        <provides>video</provides>
  </extension>                   
    <extension point="xbmc.addon.repository" name="Repositorio [COLOR orange][B]APOLLO[/B][/COLOR][COLOR deepskyblue][B][/B][/COLOR]">
		<info compressed="false">https://raw.githubusercontent.com/Tiagotj/REPOSITORIO-APOLLO/master/addons.xml</info>
		<checksum>https://raw.githubusercontent.com/Tiagotj/REPOSITORIO-APOLLO/master/addons.xml.md5</checksum>
		<datadir zip="true">https://raw.githubusercontent.com/Tiagotj/REPOSITORIO-APOLLO/master/ZipFiles</datadir> 
	</extension>
  <extension point="xbmc.addon.metadata">
    <summary lang="en">[COLOR deepskyblue][B]APOLLO[/COLOR][/B]</summary>
	<description lang="en">[COLOR orange][B]O AUTOR NÃO É RESPONSÁVEL PELOS CONTEÚDOS ENCONTRADOS NESTE[/COLOR][/B] [COLOR deepskyblue][B] ADD-ON[/COLOR][/B]</description>
	<disclaimer lang="en">[COLOR deepskyblue][B]O Autor Não é de Forma Alguma Afiliado Ao Kodi, à Team Kodi ou à XBMC Foundation. Este é um Recurso Sem Fins Lucrativos, Organizado Exclusivamente Para Fins Educacionais e Protegido Pela Doutrina de Uso Justo da Lei de Direitos Autorais, Especificamente a Seção 107, Que Promove a Liberdade de Expressão, Permitindo o Uso Não Licenciado de Obras Protegidas Por Direitos Autorais.[/COLOR][/B]</disclaimer>
    <platform>all</platform>
  </extension>
</addon>